110524180423,awe,21,Male,Student,Beginner,awe,Yes,1351,awe,787,842,896,958,1008,1048,1079,1104,1132,1151,1165,1168,1076,959,869,765,656,579,548,536,535,534,533,532,531,528,527,526,526,787,842,896,958,1008,1048,1079,1104,1132,1151,1165,1168,1076,959,869,765,656,579,548,536,535,534,533,532,531,528,527,526,526,84,94,107,124,135,139,140,140,140,139,137,137,142,164,207,270,348,412,441,453,457,457,459,461,465,470,473,475,476,616,606,593,576,565,561,560,560,560,561,563,563,558,536,493,430,352,288,259,247,243,243,241,239,235,230,227,225,224
110524180423,awe,21,Male,Student,Beginner,awe,Yes,1351,awe,787,842,896,958,1008,1048,1079,1104,1132,1151,1165,1168,1076,959,869,765,656,579,548,536,535,534,533,532,531,528,527,526,526,787,842,896,958,1008,1048,1079,1104,1132,1151,1165,1168,1076,959,869,765,656,579,548,536,535,534,533,532,531,528,527,526,526,84,94,107,124,135,139,140,140,140,139,137,137,142,164,207,270,348,412,441,453,457,457,459,461,465,470,473,475,476,616,606,593,576,565,561,560,560,560,561,563,563,558,536,493,430,352,288,259,247,243,243,241,239,235,230,227,225,224
110524180423,awe,21,Male,Student,Beginner,excitement,Yes,1679,contentment,623,624,624,634,644,660,681,705,720,728,726,713,683,637,614,597,580,564,554,551,551,552,562,576,579,573,557,540,530,523,520,520,520,520,520,520,520,520,520,520,520,520,520,520,520,623,624,624,634,644,660,681,705,720,728,726,713,683,637,614,597,580,564,554,551,551,552,562,576,579,573,557,540,530,523,520,520,520,520,520,520,520,520,520,520,520,520,520,520,520,305,305,306,306,308,311,319,333,348,364,393,413,441,462,463,453,435,405,372,344,330,327,329,344,362,382,404,417,423,426,428,429,432,433,435,436,437,439,442,445,446,449,451,452,453,395,395,394,394,392,389,381,367,352,336,307,287,259,238,237,247,265,295,328,356,370,373,371,356,338,318,296,283,277,274,272,271,268,267,265,264,263,261,258,255,254,251,249,248,247
110524180423,awe,21,Male,Student,Beginner,disgust,Yes,2233,awe,758,758,758,756,755,754,749,748,744,741,734,727,720,712,704,696,686,673,657,644,637,631,624,616,606,601,596,591,585,580,568,563,554,550,547,546,543,541,538,536,536,532,532,530,528,528,527,525,525,525,524,524,758,758,758,756,755,754,749,748,744,741,734,727,720,712,704,696,686,673,657,644,637,631,624,616,606,601,596,591,585,580,568,563,554,550,547,546,543,541,538,536,536,532,532,530,528,528,527,525,525,525,524,524,53,54,55,57,58,59,62,65,67,72,77,91,103,116,130,150,172,199,233,264,278,292,309,329,350,363,373,381,390,401,424,433,447,452,456,460,466,471,476,481,483,489,490,496,501,504,506,510,514,517,519,521,647,646,645,643,642,641,638,635,633,628,623,609,597,584,570,550,528,501,467,436,422,408,391,371,350,337,327,319,310,299,276,267,253,248,244,240,234,229,224,219,217,211,210,204,199,196,194,190,186,183,181,179
110524180423,awe,21,Male,Student,Beginner,excitement,Yes,9788,amusement,472,464,455,452,447,445,442,436,431,424,421,418,414,412,412,410,410,409,408,408,407,406,404,403,401,400,398,396,394,392,391,389,387,383,381,378,377,369,364,358,353,350,347,344,339,332,327,322,319,318,317,316,315,314,312,308,308,307,307,306,305,304,304,301,299,296,291,288,285,283,280,279,276,276,275,266,261,255,247,238,229,215,212,192,182,159,142,128,115,108,105,104,103,101,100,100,99,99,99,99,100,101,104,105,108,109,111,112,113,114,120,122,131,136,143,146,149,152,156,160,163,167,171,173,176,184,185,196,197,200,203,205,207,209,210,211,212,213,214,215,215,215,216,223,224,227,228,228,228,472,464,455,452,447,445,442,436,431,424,421,418,414,412,412,410,410,409,408,408,407,406,404,403,401,400,398,396,394,392,391,389,387,383,381,378,377,369,364,358,353,350,347,344,339,332,327,322,319,318,317,316,315,314,312,308,308,307,307,306,305,304,304,301,299,296,291,288,285,283,280,279,276,276,275,266,261,255,247,238,229,215,212,192,182,159,142,128,115,108,105,104,103,101,100,100,99,99,99,99,100,101,104,105,108,109,111,112,113,114,120,122,131,136,143,146,149,152,156,160,163,167,171,173,176,184,185,196,197,200,203,205,207,209,210,211,212,213,214,215,215,215,216,223,224,227,228,228,228,529,527,525,524,522,521,521,521,517,515,512,508,501,497,493,490,489,486,483,481,477,473,470,468,467,465,463,461,461,460,460,460,460,460,460,460,460,464,465,466,469,471,473,475,477,481,485,488,489,489,489,489,490,491,492,493,494,494,493,493,494,495,497,500,502,504,506,506,507,507,507,507,507,508,508,508,509,510,513,517,520,529,529,538,541,546,551,555,563,566,568,569,570,573,573,574,575,576,577,578,578,579,581,581,581,581,581,581,581,581,581,581,580,578,577,576,575,575,573,571,569,566,563,562,560,555,553,546,545,542,541,540,538,537,537,536,535,534,533,533,534,533,529,516,513,507,505,504,503,171,173,175,176,178,179,179,179,183,185,188,192,199,203,207,210,211,214,217,219,223,227,230,232,233,235,237,239,239,240,240,240,240,240,240,240,240,236,235,234,231,229,227,225,223,219,215,212,211,211,211,211,210,209,208,207,206,206,207,207,206,205,203,200,198,196,194,194,193,193,193,193,193,192,192,192,191,190,187,183,180,171,171,162,159,154,149,145,137,134,132,131,130,127,127,126,125,124,123,122,122,121,119,119,119,119,119,119,119,119,119,119,120,122,123,124,125,125,127,129,131,134,137,138,140,145,147,154,155,158,159,160,162,163,163,164,165,166,167,167,166,167,171,184,187,193,195,196,197
110524180423,awe,21,Male,Student,Beginner,fear,Yes,3576,awe,406,405,405,404,404,404,404,402,402,401,400,400,400,399,398,397,397,397,397,397,397,397,397,397,397,397,397,397,397,397,397,397,397,397,397,400,404,408,415,424,439,452,464,469,476,487,492,493,495,495,495,495,495,496,496,497,498,499,499,499,499,499,499,499,497,497,497,496,496,495,495,495,495,406,405,405,404,404,404,404,402,402,401,400,400,400,399,398,397,397,397,397,397,397,397,397,397,397,397,397,397,397,397,397,397,397,397,397,400,404,408,415,424,439,452,464,469,476,487,492,493,495,495,495,495,495,496,496,497,498,499,499,499,499,499,499,499,497,497,497,496,496,495,495,495,495,79,80,81,82,84,85,86,88,89,91,92,93,96,99,101,103,104,105,106,107,108,109,110,111,112,113,115,116,117,118,119,120,121,123,125,130,141,153,168,193,235,267,301,309,334,377,398,416,429,441,453,468,477,487,495,500,505,505,506,507,508,509,510,511,513,514,516,516,517,517,518,519,520,621,620,619,618,616,615,614,612,611,609,608,607,604,601,599,597,596,595,594,593,592,591,590,589,588,587,585,584,583,582,581,580,579,577,575,570,559,547,532,507,465,433,399,391,366,323,302,284,271,259,247,232,223,213,205,200,195,195,194,193,192,191,190,189,187,186,184,184,183,183,182,181,180
110524180423,awe,21,Male,Student,Beginner,awe,Yes,5264,awe,346,346,346,346,346,346,346,346,348,348,348,351,351,352,352,354,355,357,359,362,364,368,372,382,391,398,404,412,418,425,434,444,454,462,470,475,478,479,477,472,462,460,463,468,488,510,537,569,591,600,605,610,614,619,624,630,636,1296,1280,1270,1248,1223,1198,1164,1146,1127,1108,1093,1076,1060,1040,1028,1017,1002,998,988,979,973,968,962,956,948,936,926,912,896,890,881,876,866,851,829,789,749,712,689,673,664,660,656,656,656,660,665,669,675,680,691,701,705,709,712,712,713,715,719,730,743,759,779,797,819,840,865,876,882,885,888,889,891,892,893,896,908,931,977,990,991,992,992,993,996,998,1002,1008,1008,1009,1009,1009,1007,1004,1000,999,998,997,346,346,346,346,346,346,346,346,348,348,348,351,351,352,352,354,355,357,359,362,364,368,372,382,391,398,404,412,418,425,434,444,454,462,470,475,478,479,477,472,462,460,463,468,488,510,537,569,591,600,605,610,614,619,624,630,636,1296,1280,1270,1248,1223,1198,1164,1146,1127,1108,1093,1076,1060,1040,1028,1017,1002,998,988,979,973,968,962,956,948,936,926,912,896,890,881,876,866,851,829,789,749,712,689,673,664,660,656,656,656,660,665,669,675,680,691,701,705,709,712,712,713,715,719,730,743,759,779,797,819,840,865,876,882,885,888,889,891,892,893,896,908,931,977,990,991,992,992,993,996,998,1002,1008,1008,1009,1009,1009,1007,1004,1000,999,998,997,93,96,97,98,100,101,103,104,106,108,111,116,119,122,125,129,137,142,147,151,157,162,174,199,221,241,260,283,299,317,336,359,377,392,403,409,413,413,413,406,397,396,398,405,432,461,504,555,594,615,627,635,645,660,675,689,700,699,689,681,669,652,633,605,588,571,552,536,520,502,477,461,447,421,411,389,373,360,348,337,325,313,297,283,268,253,248,242,238,237,237,241,256,273,293,307,317,327,337,356,373,389,405,413,416,416,413,405,396,389,383,377,376,376,376,376,376,376,376,377,378,379,382,387,391,393,395,396,396,396,397,397,397,400,405,412,413,413,413,414,416,418,421,429,441,448,453,455,456,455,454,453,452,452,452,607,604,603,602,600,599,597,596,594,592,589,584,581,578,575,571,563,558,553,549,543,538,526,501,479,459,440,417,401,383,364,341,323,308,297,291,287,287,287,294,303,304,302,295,268,239,196,145,106,85,73,65,55,40,25,11,0,1,11,19,31,48,67,95,112,129,148,164,180,198,223,239,253,279,289,311,327,340,352,363,375,387,403,417,432,447,452,458,462,463,463,459,444,427,407,393,383,373,363,344,327,311,295,287,284,284,287,295,304,311,317,323,324,324,324,324,324,324,324,323,322,321,318,313,309,307,305,304,304,304,303,303,303,300,295,288,287,287,287,286,284,282,279,271,259,252,247,245,244,245,246,247,248,248,248
110524180423,awe,21,Male,Student,Beginner,anger,Yes,4828,awe,777,775,769,768,764,756,746,733,717,696,672,654,634,610,586,575,567,559,552,544,540,536,534,532,525,521,516,514,514,513,512,777,775,769,768,764,756,746,733,717,696,672,654,634,610,586,575,567,559,552,544,540,536,534,532,525,521,516,514,514,513,512,105,109,117,122,130,142,158,174,194,217,244,263,283,306,329,341,352,364,376,388,396,401,405,407,417,424,432,434,435,437,437,595,591,583,578,570,558,542,526,506,483,456,437,417,394,371,359,348,336,324,312,304,299,295,293,283,276,268,266,265,263,263
110524180423,awe,21,Male,Student,Beginner,excitement,Yes,1680,awe,767,758,748,732,719,706,695,690,685,681,671,662,655,648,644,640,639,637,633,624,614,607,603,598,594,580,570,561,556,552,551,549,548,547,546,541,537,533,526,522,519,516,514,513,512,510,510,510,767,758,748,732,719,706,695,690,685,681,671,662,655,648,644,640,639,637,633,624,614,607,603,598,594,580,570,561,556,552,551,549,548,547,546,541,537,533,526,522,519,516,514,513,512,510,510,510,116,127,138,157,171,186,197,203,209,216,228,239,248,257,263,269,272,276,281,293,306,315,322,329,333,349,361,369,375,380,381,383,384,385,386,393,401,409,419,426,431,437,440,441,443,449,451,452,584,573,562,543,529,514,503,497,491,484,472,461,452,443,437,431,428,424,419,407,394,385,378,371,367,351,339,331,325,320,319,317,316,315,314,307,299,291,281,274,269,263,260,259,257,251,249,248
110524180423,awe,21,Male,Student,Beginner,anger,Yes,2529,awe,774,774,774,774,773,772,771,768,766,764,762,760,758,752,742,736,728,724,719,716,714,711,710,708,708,706,705,704,704,701,700,699,698,697,696,694,692,692,692,692,693,692,691,682,664,637,600,583,570,560,550,540,529,522,516,513,512,510,509,508,508,506,505,504,504,503,501,501,500,500,500,500,500,774,774,774,774,773,772,771,768,766,764,762,760,758,752,742,736,728,724,719,716,714,711,710,708,708,706,705,704,704,701,700,699,698,697,696,694,692,692,692,692,693,692,691,682,664,637,600,583,570,560,550,540,529,522,516,513,512,510,509,508,508,506,505,504,504,503,501,501,500,500,500,500,500,111,112,113,114,116,119,123,129,135,147,154,163,173,201,237,263,280,292,302,309,315,323,329,335,341,345,349,351,353,353,354,355,356,357,357,364,369,371,372,373,373,373,372,371,371,371,378,384,391,397,405,410,416,420,424,427,429,431,433,435,437,438,439,444,449,453,457,460,464,465,468,469,471,589,588,587,586,584,581,577,571,565,553,546,537,527,499,463,437,420,408,398,391,385,377,371,365,359,355,351,349,347,347,346,345,344,343,343,336,331,329,328,327,327,327,328,329,329,329,322,316,309,303,295,290,284,280,276,273,271,269,267,265,263,262,261,256,251,247,243,240,236,235,232,231,229
110524180423,awe,21,Male,Student,Beginner,contentment,Yes,1584,amusement,772,777,783,800,852,895,930,955,968,1002,1011,1012,1012,1012,994,987,948,926,887,843,787,728,688,676,654,645,640,628,608,602,598,594,590,587,583,580,576,571,568,563,557,555,550,548,545,542,540,538,536,532,529,526,524,524,772,777,783,800,852,895,930,955,968,1002,1011,1012,1012,1012,994,987,948,926,887,843,787,728,688,676,654,645,640,628,608,602,598,594,590,587,583,580,576,571,568,563,557,555,550,548,545,542,540,538,536,532,529,526,524,524,109,114,119,132,165,193,215,233,246,288,306,317,325,333,374,385,437,458,489,510,529,546,554,556,557,556,554,552,546,545,544,541,539,537,533,530,525,521,514,509,504,500,497,494,492,488,485,480,474,469,462,458,455,454,591,586,581,568,535,507,485,467,454,412,394,383,375,367,326,315,263,242,211,190,171,154,146,144,143,144,146,148,154,155,156,159,161,163,167,170,175,179,186,191,196,200,203,206,208,212,215,220,226,231,238,242,245,246
110524180423,awe,21,Male,Student,Beginner,excitement,Yes,2196,amusement,488,490,493,495,499,504,513,520,528,538,550,562,581,600,620,636,649,659,664,660,653,646,636,628,624,621,612,604,592,586,588,593,600,611,625,630,632,630,626,621,614,597,580,547,532,529,529,532,534,536,538,539,540,540,540,540,540,540,541,542,543,544,544,544,544,545,546,546,546,546,546,546,546,546,546,546,545,545,544,543,540,540,488,490,493,495,499,504,513,520,528,538,550,562,581,600,620,636,649,659,664,660,653,646,636,628,624,621,612,604,592,586,588,593,600,611,625,630,632,630,626,621,614,597,580,547,532,529,529,532,534,536,538,539,540,540,540,540,540,540,541,542,543,544,544,544,544,545,546,546,546,546,546,546,546,546,546,546,545,545,544,543,540,540,284,285,285,288,290,291,293,293,293,293,293,293,293,290,286,279,269,254,233,203,180,161,148,141,140,140,151,169,192,221,227,231,233,233,225,211,200,191,186,185,185,192,209,261,292,307,315,320,325,331,340,346,353,357,359,364,369,377,385,389,392,394,396,398,401,404,406,407,409,414,421,425,429,430,431,432,433,434,436,438,444,445,416,415,415,412,410,409,407,407,407,407,407,407,407,410,414,421,431,446,467,497,520,539,552,559,560,560,549,531,508,479,473,469,467,467,475,489,500,509,514,515,515,508,491,439,408,393,385,380,375,369,360,354,347,343,341,336,331,323,315,311,308,306,304,302,299,296,294,293,291,286,279,275,271,270,269,268,267,266,264,262,256,255
110524180423,awe,21,Male,Student,Beginner,fear,Yes,3197,awe,465,466,467,468,471,473,476,478,479,484,487,491,493,498,502,504,508,516,520,524,525,527,529,531,533,535,539,540,541,542,542,542,543,543,544,545,547,548,550,552,552,552,553,554,555,556,558,560,561,562,562,563,563,563,560,556,555,552,552,550,550,550,549,549,465,466,467,468,471,473,476,478,479,484,487,491,493,498,502,504,508,516,520,524,525,527,529,531,533,535,539,540,541,542,542,542,543,543,544,545,547,548,550,552,552,552,553,554,555,556,558,560,561,562,562,563,563,563,560,556,555,552,552,550,550,550,549,549,267,266,266,267,269,269,271,273,273,277,281,285,286,291,295,297,302,313,319,324,326,330,333,336,340,344,349,353,354,355,356,357,357,358,359,361,363,365,367,368,369,370,370,371,372,373,375,381,383,385,386,391,397,406,415,421,425,428,431,435,437,438,440,441,433,434,434,433,431,431,429,427,427,423,419,415,414,409,405,403,398,387,381,376,374,370,367,364,360,356,351,347,346,345,344,343,343,342,341,339,337,335,333,332,331,330,330,329,328,327,325,319,317,315,314,309,303,294,285,279,275,272,269,265,263,262,260,259
110524180423,awe,21,Male,Student,Beginner,awe,Yes,4538,contentment,476,477,490,496,502,508,514,522,529,534,539,543,546,552,559,572,580,591,599,606,610,611,601,584,570,557,550,542,536,535,535,538,543,548,552,560,567,568,568,566,562,559,550,539,525,514,512,512,512,515,517,520,521,522,523,524,524,524,525,525,525,525,525,526,526,526,526,526,476,477,490,496,502,508,514,522,529,534,539,543,546,552,559,572,580,591,599,606,610,611,601,584,570,557,550,542,536,535,535,538,543,548,552,560,567,568,568,566,562,559,550,539,525,514,512,512,512,515,517,520,521,522,523,524,524,524,525,525,525,525,525,526,526,526,526,526,258,258,258,259,261,264,268,273,279,284,287,290,293,296,301,307,307,306,301,291,277,261,243,230,225,223,223,232,247,264,283,291,297,298,298,293,281,270,264,261,260,261,275,296,324,349,364,373,378,383,387,399,413,417,420,421,423,425,428,429,430,433,438,442,447,448,449,451,442,442,442,441,439,436,432,427,421,416,413,410,407,404,399,393,393,394,399,409,423,439,457,470,475,477,477,468,453,436,417,409,403,402,402,407,419,430,436,439,440,439,425,404,376,351,336,327,322,317,313,301,287,283,280,279,277,275,272,271,270,267,262,258,253,252,251,249
110524180423,awe,21,Male,Student,Beginner,awe,Yes,4033,awe,538,587,590,592,625,638,644,648,656,664,678,688,696,702,706,707,710,713,716,720,724,728,729,732,732,733,734,733,729,720,705,685,664,640,624,606,599,596,592,588,587,583,579,574,571,570,570,567,565,564,556,548,543,539,538,536,536,532,527,521,515,504,493,472,455,436,408,392,379,368,360,356,354,353,353,352,352,351,349,348,347,347,347,347,347,347,347,348,351,356,358,360,363,366,370,374,381,387,395,403,415,430,439,463,480,488,492,496,498,499,500,501,501,503,504,504,538,587,590,592,625,638,644,648,656,664,678,688,696,702,706,707,710,713,716,720,724,728,729,732,732,733,734,733,729,720,705,685,664,640,624,606,599,596,592,588,587,583,579,574,571,570,570,567,565,564,556,548,543,539,538,536,536,532,527,521,515,504,493,472,455,436,408,392,379,368,360,356,354,353,353,352,352,351,349,348,347,347,347,347,347,347,347,348,351,356,358,360,363,366,370,374,381,387,395,403,415,430,439,463,480,488,492,496,498,499,500,501,501,503,504,504,81,103,106,110,162,185,193,199,213,225,243,257,266,273,277,281,282,286,290,293,297,301,302,304,305,305,305,310,316,325,335,345,361,378,392,407,414,419,425,434,437,447,455,463,468,471,472,472,472,472,478,486,493,497,498,501,502,505,510,514,517,522,527,536,544,557,569,577,584,587,590,592,592,592,591,591,590,589,586,579,573,565,558,554,549,545,538,533,525,513,504,497,492,487,484,481,480,480,480,480,480,478,478,478,479,481,482,485,487,488,489,491,492,493,492,490,619,597,594,590,538,515,507,501,487,475,457,443,434,427,423,419,418,414,410,407,403,399,398,396,395,395,395,390,384,375,365,355,339,322,308,293,286,281,275,266,263,253,245,237,232,229,228,228,228,228,222,214,207,203,202,199,198,195,190,186,183,178,173,164,156,143,131,123,116,113,110,108,108,108,109,109,110,111,114,121,127,135,142,146,151,155,162,167,175,187,196,203,208,213,216,219,220,220,220,220,220,222,222,222,221,219,218,215,213,212,211,209,208,207,208,210
110524180423,awe,21,Male,Student,Beginner,anger,Yes,1610,awe,464,467,468,471,474,475,477,480,484,489,493,497,502,508,517,521,524,526,529,532,534,536,538,540,541,542,543,544,545,545,544,541,537,534,531,526,523,520,517,516,512,511,508,506,505,504,504,504,502,501,501,500,464,467,468,471,474,475,477,480,484,489,493,497,502,508,517,521,524,526,529,532,534,536,538,540,541,542,543,544,545,545,544,541,537,534,531,526,523,520,517,516,512,511,508,506,505,504,504,504,502,501,501,500,301,301,301,302,302,302,302,302,302,301,301,300,298,297,294,291,289,287,285,285,285,285,285,285,285,285,285,285,286,288,297,318,339,354,373,391,402,415,426,437,446,452,459,464,465,467,469,470,472,473,474,474,399,399,399,398,398,398,398,398,398,399,399,400,402,403,406,409,411,413,415,415,415,415,415,415,415,415,415,415,414,412,403,382,361,346,327,309,298,285,274,263,254,248,241,236,235,233,231,230,228,227,226,226
110524180423,awe,21,Male,Student,Beginner,contentment,Yes,1551,awe,450,452,454,457,460,464,467,469,472,473,475,477,480,484,489,490,493,496,500,503,504,508,508,509,510,511,512,512,512,512,512,512,512,512,512,512,512,512,508,505,504,503,502,502,501,500,500,498,497,496,496,495,495,495,494,493,492,491,490,490,490,490,490,490,450,452,454,457,460,464,467,469,472,473,475,477,480,484,489,490,493,496,500,503,504,508,508,509,510,511,512,512,512,512,512,512,512,512,512,512,512,512,508,505,504,503,502,502,501,500,500,498,497,496,496,495,495,495,494,493,492,491,490,490,490,490,490,490,294,294,295,296,297,298,299,300,301,301,302,304,305,305,305,305,305,305,305,305,305,304,303,303,303,303,303,304,311,312,313,314,315,317,321,330,343,361,381,389,393,396,396,397,398,402,406,412,418,423,429,433,435,436,439,445,452,455,459,463,465,469,471,473,406,406,405,404,403,402,401,400,399,399,398,396,395,395,395,395,395,395,395,395,395,396,397,397,397,397,397,396,389,388,387,386,385,383,379,370,357,339,319,311,307,304,304,303,302,298,294,288,282,277,271,267,265,264,261,255,248,245,241,237,235,231,229,227
110524180423,awe,21,Male,Student,Beginner,contentment,Yes,2044,amusement,740,717,692,667,654,654,662,672,690,708,755,772,772,752,733,713,684,657,622,588,570,569,591,607,620,624,624,621,613,607,600,594,581,562,531,508,496,489,488,487,487,487,487,487,487,486,484,484,484,481,480,480,479,478,478,740,717,692,667,654,654,662,672,690,708,755,772,772,752,733,713,684,657,622,588,570,569,591,607,620,624,624,621,613,607,600,594,581,562,531,508,496,489,488,487,487,487,487,487,487,486,484,484,484,481,480,480,479,478,478,97,119,159,209,248,265,273,280,276,264,197,129,82,49,32,25,29,49,97,153,217,246,273,283,284,281,271,261,254,252,252,255,269,292,333,365,385,399,409,418,425,430,435,438,441,445,449,451,452,465,468,472,475,478,479,603,581,541,491,452,435,427,420,424,436,503,571,618,651,668,675,671,651,603,547,483,454,427,417,416,419,429,439,446,448,448,445,431,408,367,335,315,301,291,282,275,270,265,262,259,255,251,249,248,235,232,228,225,222,221
110524180423,awe,21,Male,Student,Beginner,anger,Yes,2594,excitement,520,529,535,539,540,552,557,561,568,581,586,588,591,591,588,583,578,572,570,570,568,568,553,548,541,536,533,528,525,522,521,521,520,529,535,539,540,552,557,561,568,581,586,588,591,591,588,583,578,572,570,570,568,568,553,548,541,536,533,528,525,522,521,521,297,295,295,295,295,294,294,294,294,295,299,305,318,333,352,369,383,392,397,398,401,402,420,425,435,445,450,460,469,476,477,478,403,405,405,405,405,406,406,406,406,405,401,395,382,367,348,331,317,308,303,302,299,298,280,275,265,255,250,240,231,224,223,222
110524180423,awe,21,Male,Student,Beginner,contentment,Yes,3508,excitement,456,474,498,507,518,532,546,562,575,584,590,595,600,604,608,613,618,619,621,622,623,624,624,625,625,626,628,629,632,634,636,637,638,640,641,642,642,642,642,642,642,642,642,642,632,620,609,597,593,588,584,581,576,568,562,557,554,553,552,548,547,544,540,536,534,534,532,531,528,526,525,525,524,524,524,524,524,524,524,524,524,524,456,474,498,507,518,532,546,562,575,584,590,595,600,604,608,613,618,619,621,622,623,624,624,625,625,626,628,629,632,634,636,637,638,640,641,642,642,642,642,642,642,642,642,642,632,620,609,597,593,588,584,581,576,568,562,557,554,553,552,548,547,544,540,536,534,534,532,531,528,526,525,525,524,524,524,524,524,524,524,524,524,524,292,285,281,279,278,277,277,277,277,277,277,277,277,277,277,277,277,278,280,281,284,286,289,290,291,291,290,289,285,283,280,277,277,278,280,280,281,276,272,269,271,273,277,279,298,314,328,340,344,349,353,357,363,371,375,379,382,383,385,388,389,394,397,404,406,408,411,415,421,425,426,428,429,430,432,433,435,437,438,439,441,442,408,415,419,421,422,423,423,423,423,423,423,423,423,423,423,423,423,422,420,419,416,414,411,410,409,409,410,411,415,417,420,423,423,422,420,420,419,424,428,431,429,427,423,421,402,386,372,360,356,351,347,343,337,329,325,321,318,317,315,312,311,306,303,296,294,292,289,285,279,275,274,272,271,270,268,267,265,263,262,261,259,258
110524180423,awe,21,Male,Student,Beginner,disgust,No,2116,awe,515,523,525,528,531,535,539,543,546,548,552,557,565,568,574,577,580,582,586,592,596,599,600,599,595,588,584,580,574,569,557,540,523,504,485,476,472,469,466,464,464,463,463,462,460,459,458,458,458,460,460,462,478,535,616,725,834,921,979,992,995,997,997,997,998,998,999,1000,1004,1010,1019,1021,515,523,525,528,531,535,539,543,546,548,552,557,565,568,574,577,580,582,586,592,596,599,600,599,595,588,584,580,574,569,557,540,523,504,485,476,472,469,466,464,464,463,463,462,460,459,458,458,458,460,460,462,478,535,616,725,834,921,979,992,995,997,997,997,998,998,999,1000,1004,1010,1019,1021,304,305,305,306,306,307,308,309,309,310,313,314,317,317,318,319,320,321,321,322,323,324,324,324,324,324,324,324,324,324,329,339,349,359,373,382,389,394,403,408,411,412,413,416,422,437,443,445,449,460,465,468,460,444,433,429,430,443,459,465,469,471,473,475,476,477,478,481,485,489,494,496,396,395,395,394,394,393,392,391,391,390,387,386,383,383,382,381,380,379,379,378,377,376,376,376,376,376,376,376,376,376,371,361,351,341,327,318,311,306,297,292,289,288,287,284,278,263,257,255,251,240,235,232,240,256,267,271,270,257,241,235,231,229,227,225,224,223,222,219,215,211,206,204
110524180423,awe,21,Male,Student,Beginner,excitement,Yes,1253,contentment,483,482,484,489,494,496,500,500,503,525,543,554,556,556,550,546,543,540,538,536,534,532,528,523,512,503,494,491,489,488,488,484,478,470,464,458,455,444,438,431,424,419,416,415,415,415,483,482,484,489,494,496,500,500,503,525,543,554,556,556,550,546,543,540,538,536,534,532,528,523,512,503,494,491,489,488,488,484,478,470,464,458,455,444,438,431,424,419,416,415,415,415,293,293,297,304,308,311,313,314,316,329,344,355,358,356,349,345,342,339,338,337,335,335,334,333,333,335,337,338,338,340,341,344,349,356,360,368,372,387,403,422,441,454,463,465,467,468,407,407,403,396,392,389,387,386,384,371,356,345,342,344,351,355,358,361,362,363,365,365,366,367,367,365,363,362,362,360,359,356,351,344,340,332,328,313,297,278,259,246,237,235,233,232
110524180423,awe,21,Male,Student,Beginner,fear,No,1363,disgust,507,507,507,507,508,508,509,511,518,523,531,534,541,553,565,580,594,608,621,634,648,660,678,692,699,716,728,740,751,760,770,782,791,799,804,813,817,828,834,840,845,848,856,858,864,870,875,878,879,880,881,882,884,886,890,895,904,911,918,927,934,938,944,946,949,952,953,955,955,955,507,507,507,507,508,508,509,511,518,523,531,534,541,553,565,580,594,608,621,634,648,660,678,692,699,716,728,740,751,760,770,782,791,799,804,813,817,828,834,840,845,848,856,858,864,870,875,878,879,880,881,882,884,886,890,895,904,911,918,927,934,938,944,946,949,952,953,955,955,955,296,295,294,293,292,291,289,288,285,282,277,276,274,273,273,275,276,277,281,285,288,291,295,301,302,309,315,320,325,330,335,340,345,349,353,356,357,359,360,361,362,362,364,364,365,365,365,365,365,365,366,369,369,373,377,385,393,401,409,417,428,434,442,448,453,458,460,461,462,463,404,405,406,407,408,409,411,412,415,418,423,424,426,427,427,425,424,423,419,415,412,409,405,399,398,391,385,380,375,370,365,360,355,351,347,344,343,341,340,339,338,338,336,336,335,335,335,335,335,335,334,331,331,327,323,315,307,299,291,283,272,266,258,252,247,242,240,239,238,237
110524180423,awe,21,Male,Student,Beginner,awe,Yes,1633,contentment,521,527,532,539,544,548,551,553,557,576,582,597,612,621,622,622,620,616,612,608,604,600,596,593,591,588,588,587,585,584,583,583,582,581,580,579,579,578,573,571,569,566,562,550,535,522,504,498,496,497,497,497,497,521,527,532,539,544,548,551,553,557,576,582,597,612,621,622,622,620,616,612,608,604,600,596,593,591,588,588,587,585,584,583,583,582,581,580,579,579,578,573,571,569,566,562,550,535,522,504,498,496,497,497,497,497,299,301,301,301,301,301,301,301,301,301,301,301,301,301,301,302,305,308,311,314,318,322,325,329,331,333,334,335,337,337,338,339,340,341,341,341,342,342,342,342,342,345,348,361,377,390,413,424,426,426,432,436,437,401,399,399,399,399,399,399,399,399,399,399,399,399,399,399,398,395,392,389,386,382,378,375,371,369,367,366,365,363,363,362,361,360,359,359,359,358,358,358,358,358,355,352,339,323,310,287,276,274,274,268,264,263
110524180423,awe,21,Male,Student,Beginner,sadness,Yes,1654,contentment,498,500,506,509,512,516,520,524,531,538,543,548,552,555,556,559,563,565,566,571,572,580,586,592,598,605,612,616,620,624,626,629,632,634,640,645,648,649,650,652,654,655,651,643,629,616,602,582,559,541,528,519,512,512,511,511,511,511,510,508,506,503,499,496,496,496,496,496,498,500,506,509,512,516,520,524,531,538,543,548,552,555,556,559,563,565,566,571,572,580,586,592,598,605,612,616,620,624,626,629,632,634,640,645,648,649,650,652,654,655,651,643,629,616,602,582,559,541,528,519,512,512,511,511,511,511,510,508,506,503,499,496,496,496,496,496,300,295,286,283,277,274,269,261,255,249,245,241,240,237,237,233,231,229,228,227,227,226,225,225,225,225,225,225,225,225,225,225,225,225,227,228,229,231,233,236,241,249,277,296,315,324,331,340,354,368,381,393,401,405,406,407,408,409,409,409,413,419,428,438,446,452,453,454,400,405,414,417,423,426,431,439,445,451,455,459,460,463,463,467,469,471,472,473,473,474,475,475,475,475,475,475,475,475,475,475,475,475,473,472,471,469,467,464,459,451,423,404,385,376,369,360,346,332,319,307,299,295,294,293,292,291,291,291,287,281,272,262,254,248,247,246
